{
    "meals": [
      {
        "id": 1,
        "name": "Masala Dosa",
        "type": "breakfast",
        "calories": 300,
        "protein": "8g",
        "carbs": "45g",
        "fat": "10g",
        "allergens": ["gluten"],
        "health": ["diabetes-friendly", "vegan"],
        "taste": ["spicy", "savory"],
        "image": "masala-dosa.jpg"
      },
      {
        "id": 2,
        "name": "Poha",
        "type": "breakfast",
        "calories": 200,
        "protein": "5g",
        "carbs": "35g",
        "fat": "5g",
        "allergens": [],
        "health": ["diabetes-friendly", "low-fat", "heart-health"],
        "taste": ["mild"],
        "image": "poha.jpg"
      },
      {
        "id": 3,
        "name": "Upma",
        "type": "breakfast",
        "calories": 250,
        "protein": "6g",
        "carbs": "40g",
        "fat": "8g",
        "allergens": [],
        "health": ["vegan", "low-fat", "heart-health"],
        "taste": ["savory"],
        "image": "upma.jpg"
      },
      {
        "id": 4,
        "name": "Rajma Chawal",
        "type": "lunch",
        "calories": 450,
        "protein": "20g",
        "carbs": "60g",
        "fat": "10g",
        "allergens": [],
        "health": ["vegan", "high-protein", "heart-health"],
        "taste": ["spicy", "savory"],
        "image": "rajma-chawal.jpg"
      },
      {
        "id": 5,
        "name": "Paneer Butter Masala",
        "type": "dinner",
        "calories": 500,
        "protein": "25g",
        "carbs": "30g",
        "fat": "20g",
        "allergens": ["dairy"],
        "health": ["high-protein"],
        "taste": ["spicy", "savory"],
        "image": "paneer-butter-masala.jpg"
      },
      {
        "id": 6,
        "name": "Vegetable Biryani",
        "type": "dinner",
        "calories": 400,
        "protein": "10g",
        "carbs": "70g",
        "fat": "10g",
        "allergens": [],
        "health": ["vegan", "heart-health"],
        "taste": ["spicy", "savory"],
        "image": "vegetable-biryani.jpg"
      },
      {
        "id": 7,
        "name": "Vegetable Stir Fry",
        "type": "dinner",
        "calories": 300,
        "protein": "10g",
        "carbs": "40g",
        "fat": "10g",
        "allergens": [],
        "health": ["vegan", "low-fat"],
        "taste": ["savory"],
        "image": "vegetable-stir-fry.jpg"
      },
      {
        "id": 8,
        "name": "Margherita Pizza",
        "type": "dinner",
        "calories": 400,
        "protein": "15g",
        "carbs": "50g",
        "fat": "15g",
        "allergens": ["gluten", "dairy"],
        "health": ["vegetarian"],
        "taste": ["savory"],
        "image": "margherita-pizza.jpg"
      },
      {
        "id": 9,
        "name": "Vegetable Sushi",
        "type": "lunch",
        "calories": 300,
        "protein": "8g",
        "carbs": "50g",
        "fat": "5g",
        "allergens": [],
        "health": ["vegan", "low-fat"],
        "taste": ["savory"],
        "image": "vegetable-sushi.jpg"
      },
      {
        "id": 10,
        "name": "Vegetable Fried Rice",
        "type": "lunch",
        "calories": 350,
        "protein": "10g",
        "carbs": "60g",
        "fat": "8g",
        "allergens": [],
        "health": ["vegan", "low-fat"],
        "taste": ["savory"],
        "image": "vegetable-fried-rice.jpg"
      },
      {
        "id": 11,
        "name": "Dhokla",
        "type": "breakfast",
        "calories": 150,
        "protein": "6g",
        "carbs": "25g",
        "fat": "3g",
        "allergens": [],
        "health": ["vegan", "low-fat", "diabetes-friendly"],
        "taste": ["mild", "savory"],
        "image": "dhokla.jpg"
      },
      {
        "id": 12,
        "name": "Medu Vada",
        "type": "breakfast",
        "calories": 200,
        "protein": "8g",
        "carbs": "30g",
        "fat": "5g",
        "allergens": [],
        "health": ["vegan", "low-fat"],
        "taste": ["savory"],
        "image": "medu-vada.jpg"
      },
      {
        "id": 13,
        "name": "Methi Thepla",
        "type": "breakfast",
        "calories": 250,
        "protein": "10g",
        "carbs": "35g",
        "fat": "8g",
        "allergens": ["gluten"],
        "health": ["vegetarian"],
        "taste": ["savory"],
        "image": "methi-thepla.jpg"
      },
      {
        "id": 14,
        "name": "Vegetable Uttapam",
        "type": "breakfast",
        "calories": 300,
        "protein": "12g",
        "carbs": "40g",
        "fat": "10g",
        "allergens": [],
        "health": ["vegan", "low-fat"],
        "taste": ["savory"],
        "image": "vegetable-uttapam.jpg"
      },
      {
        "id": 15,
        "name": "Kadhi Chawal",
        "type": "lunch",
        "calories": 400,
        "protein": "15g",
        "carbs": "60g",
        "fat": "10g",
        "allergens": ["dairy"],
        "health": ["vegetarian"],
        "taste": ["savory"],
        "image": "kadhi-chawal.jpg"
      },
      {
        "id": 16,
        "name": "Palak Paneer",
        "type": "dinner",
        "calories": 350,
        "protein": "20g",
        "carbs": "20g",
        "fat": "15g",
        "allergens": ["dairy"],
        "health": ["high-protein"],
        "taste": ["savory"],
        "image": "palak-paneer.jpg"
      },
      {
        "id": 17,
        "name": "Baingan Bharta",
        "type": "dinner",
        "calories": 300,
        "protein": "10g",
        "carbs": "25g",
        "fat": "12g",
        "allergens": [],
        "health": ["vegan", "low-fat"],
        "taste": ["spicy", "savory"],
        "image": "baingan-bharta.jpg"
      },
      {
        "id": 18,
        "name": "Chicken Biryani",
        "type": "dinner",
        "calories": 500,
        "protein": "30g",
        "carbs": "50g",
        "fat": "20g",
        "allergens": [],
        "health": ["high-protein"],
        "taste": ["spicy", "savory"],
        "image": "chicken-biryani.jpg"
      },
      {
        "id": 19,
        "name": "Fish Curry",
        "type": "dinner",
        "calories": 400,
        "protein": "25g",
        "carbs": "20g",
        "fat": "15g",
        "allergens": ["shellfish"],
        "health": ["high-protein"],
        "taste": ["spicy", "savory"],
        "image": "fish-curry.jpg"
      },
      {
        "id": 20,
        "name": "Vegetable Korma",
        "type": "dinner",
        "calories": 350,
        "protein": "10g",
        "carbs": "40g",
        "fat": "12g",
        "allergens": ["dairy"],
        "health": ["vegetarian"],
        "taste": ["savory"],
        "image": "vegetable-korma.jpg"
      },
      {
        "id": 21,
        "name": "Chicken Kebab",
        "type": "snack",
        "calories": 300,
        "protein": "25g",
        "carbs": "10g",
        "fat": "15g",
        "allergens": [],
        "health": ["high-protein"],
        "taste": ["spicy", "savory"],
        "image": "chicken-kebab.jpg"
      },
      {
        "id": 22,
        "name": "Pani Puri",
        "type": "snack",
        "calories": 150,
        "protein": "2g",
        "carbs": "30g",
        "fat": "3g",
        "allergens": [],
        "health": ["vegan", "low-fat"],
        "taste": ["spicy", "savory"],
        "image": "pani-puri.jpg"
      },
      {
        "id": 23,
        "name": "Bhel Puri",
        "type": "snack",
        "calories": 200,
        "protein": "5g",
        "carbs": "35g",
        "fat": "5g",
        "allergens": [],
        "health": ["vegan", "low-fat"],
        "taste": ["spicy", "savory"],
        "image": "bhel-puri.jpg"
      },
      {
        "id": 24,
        "name": "Chicken Shawarma",
        "type": "lunch",
        "calories": 450,
        "protein": "30g",
        "carbs": "40g",
        "fat": "15g",
        "allergens": ["gluten"],
        "health": ["high-protein"],
        "taste": ["spicy", "savory"],
        "image": "chicken-shawarma.jpg"
      },
      {
        "id": 25,
        "name": "Falafel Wrap",
        "type": "lunch",
        "calories": 400,
        "protein": "15g",
        "carbs": "50g",
        "fat": "10g",
        "allergens": ["gluten"],
        "health": ["vegan", "high-protein"],
        "taste": ["savory"],
        "image": "falafel-wrap.jpg"
      },
      {
        "id": 26,
        "name": "Tandoori Chicken",
        "type": "dinner",
        "calories": 350,
        "protein": "30g",
        "carbs": "10g",
        "fat": "15g",
        "allergens": [],
        "health": ["high-protein"],
        "taste": ["spicy", "savory"],
        "image": "tandoori-chicken.jpg"
      },
      {
        "id": 27,
        "name": "Malai Kofta",
        "type": "dinner",
        "calories": 400,
        "protein": "15g",
        "carbs": "40g",
        "fat": "20g",
        "allergens": ["dairy"],
        "health": ["vegetarian"],
        "taste": ["savory"],
        "image": "malai-kofta.jpg"
      },
      {
        "id": 28,
        "name": "Mutton Rogan Josh",
        "type": "dinner",
        "calories": 500,
        "protein": "35g",
        "carbs": "20g",
        "fat": "25g",
        "allergens": [],
        "health": ["high-protein"],
        "taste": ["spicy", "savory"],
        "image": "mutton-rogan-josh.jpg"
      },
      {
        "id": 29,
        "name": "Vegetable Lasagna",
        "type": "dinner",
        "calories": 450,
        "protein": "20g",
        "carbs": "50g",
        "fat": "15g",
        "allergens": ["gluten", "dairy"],
        "health": ["vegetarian"],
        "taste": ["savory"],
        "image": "vegetable-lasagna.jpg"
      },
      {
        "id": 30,
        "name": "Chocolate Mousse",
        "type": "dessert",
        "calories": 300,
        "protein": "5g",
        "carbs": "40g",
        "fat": "15g",
        "allergens": ["dairy"],
        "health": [],
        "taste": ["sweet"],
        "image": "chocolate-mousse.jpg"
      },
      {
        "meals": [
          {
            "id": 31,
            "name": "Vegetable Pulao",
            "type": "lunch",
            "calories": 400,
            "protein": "10g",
            "carbs": "70g",
            "fat": "10g",
            "allergens": [],
            "health": ["vegan", "heart-health"],
            "taste": ["savory"],
            "image": "vegetable-pulao.jpg"
          },
          {
            "id": 32,
            "name": "Chicken Tikka Masala",
            "type": "dinner",
            "calories": 500,
            "protein": "30g",
            "carbs": "20g",
            "fat": "25g",
            "allergens": ["dairy"],
            "health": ["high-protein"],
            "taste": ["spicy", "savory"],
            "image": "chicken-tikka-masala.jpg"
          },
          {
            "id": 33,
            "name": "Pav Bhaji",
            "type": "snack",
            "calories": 350,
            "protein": "10g",
            "carbs": "50g",
            "fat": "12g",
            "allergens": ["gluten"],
            "health": ["vegetarian"],
            "taste": ["spicy", "savory"],
            "image": "pav-bhaji.jpg"
          },
          {
            "id": 34,
            "name": "Veg Manchurian",
            "type": "dinner",
            "calories": 400,
            "protein": "15g",
            "carbs": "50g",
            "fat": "15g",
            "allergens": ["soy"],
            "health": ["vegetarian"],
            "taste": ["spicy", "savory"],
            "image": "veg-manchurian.jpg"
          },
          {
            "id": 35,
            "name": "Vegetable Momos",
            "type": "snack",
            "calories": 150,
            "protein": "5g",
            "carbs": "25g",
            "fat": "4g",
            "allergens": [],
            "health": ["vegan", "low-fat"],
            "taste": ["savory"],
            "image": "vegetable-momos.jpg"
          },
          {
            "id": 36,
            "name": "Paneer Tikka",
            "type": "snack",
            "calories": 200,
            "protein": "15g",
            "carbs": "10g",
            "fat": "12g",
            "allergens": ["dairy"],
            "health": ["high-protein"],
            "taste": ["spicy", "savory"],
            "image": "paneer-tikka.jpg"
          },
          {
            "id": 37,
            "name": "Vegetable Spring Rolls",
            "type": "snack",
            "calories": 180,
            "protein": "4g",
            "carbs": "30g",
            "fat": "6g",
            "allergens": [],
            "health": ["vegan", "low-fat"],
            "taste": ["savory"],
            "image": "vegetable-spring-rolls.jpg"
          },
          {
            "id": 38,
            "name": "Vegetable Manchow Soup",
            "type": "snack",
            "calories": 120,
            "protein": "3g",
            "carbs": "20g",
            "fat": "4g",
            "allergens": [],
            "health": ["vegan", "low-fat"],
            "taste": ["spicy", "savory"],
            "image": "vegetable-manchow-soup.jpg"
          },
          {
            "id": 39,
            "name": "Vegetable Noodles",
            "type": "lunch",
            "calories": 350,
            "protein": "10g",
            "carbs": "60g",
            "fat": "8g",
            "allergens": [],
            "health": ["vegan", "low-fat"],
            "taste": ["savory"],
            "image": "vegetable-noodles.jpg"
          },
          {
            "id": 40,
            "name": "Vegetable Sushi",
            "type": "lunch",
            "calories": 300,
            "protein": "8g",
            "carbs": "50g",
            "fat": "5g",
            "allergens": [],
            "health": ["vegan", "low-fat"],
            "taste": ["savory"],
            "image": "vegetable-sushi.jpg"
          },
          {
            "id": 41,
            "name": "Vegetable Burger",
            "type": "snack",
            "calories": 250,
            "protein": "10g",
            "carbs": "35g",
            "fat": "8g",
            "allergens": ["gluten"],
            "health": ["vegetarian"],
            "taste": ["savory"],
            "image": "vegetable-burger.jpg"
          },
          {
            "id": 42,
            "name": "Margherita Pizza",
            "type": "dinner",
            "calories": 400,
            "protein": "15g",
            "carbs": "50g",
            "fat": "15g",
            "allergens": ["gluten", "dairy"],
            "health": ["vegetarian"],
            "taste": ["savory"],
            "image": "margherita-pizza.jpg"
          },
          {
            "id": 43,
            "name": "Vegetable Lasagna",
            "type": "dinner",
            "calories": 450,
            "protein": "20g",
            "carbs": "50g",
            "fat": "15g",
            "allergens": ["gluten", "dairy"],
            "health": ["vegetarian"],
            "taste": ["savory"],
            "image": "vegetable-lasagna.jpg"
          },
          {
            "id": 44,
            "name": "Vegetable Stir Fry",
            "type": "dinner",
            "calories": 300,
            "protein": "10g",
            "carbs": "40g",
            "fat": "10g",
            "allergens": [],
            "health": ["vegan", "low-fat"],
            "taste": ["savory"],
            "image": "vegetable-stir-fry.jpg"
          },
          {
            "id": 45,
            "name": "Vegetable Fried Rice",
            "type": "lunch",
            "calories": 350,
            "protein": "10g",
            "carbs": "60g",
            "fat": "8g",
            "allergens": [],
            "health": ["vegan", "low-fat"],
            "taste": ["savory"],
            "image": "vegetable-fried-rice.jpg"
          },
          {
            "id": 46,
            "name": "Vegetable Tempura",
            "type": "snack",
            "calories": 200,
            "protein": "5g",
            "carbs": "30g",
            "fat": "8g",
            "allergens": [],
            "health": ["vegetarian"],
            "taste": ["savory"],
            "image": "vegetable-tempura.jpg"
          },
          {
            "id": 47,
            "name": "Vegetable Ramen",
            "type": "lunch",
            "calories": 400,
            "protein": "12g",
            "carbs": "70g",
            "fat": "10g",
            "allergens": [],
            "health": ["vegan", "low-fat"],
            "taste": ["savory"],
            "image": "vegetable-ramen.jpg"
          },
          {
            "id": 48,
            "name": "Vegetable Dumplings",
            "type": "snack",
            "calories": 150,
            "protein": "5g",
            "carbs": "25g",
            "fat": "4g",
            "allergens": [],
            "health": ["vegan", "low-fat"],
            "taste": ["savory"],
            "image": "vegetable-dumplings.jpg"
          },
          {
            "id": 49,
            "name": "Vegetable Sushi Rolls",
            "type": "lunch",
            "calories": 300,
            "protein": "8g",
            "carbs": "50g",
            "fat": "5g",
            "allergens": [],
            "health": ["vegan", "low-fat"],
            "taste": ["savory"],
            "image": "vegetable-sushi-rolls.jpg"
          },
          {
            "id": 50,
            "name": "Vegetable Udon Noodles",
            "type": "lunch",
            "calories": 350,
            "protein": "10g",
            "carbs": "60g",
            "fat": "8g",
            "allergens": [],
            "health": ["vegan", "low-fat"],
            "taste": ["savory"],
            "image": "vegetable-udon-noodles.jpg"
          }
        ]
      },
      [
        {
          "id": 51,
          "name": "Chole Bhature",
          "type": "lunch",
          "calories": 550,
          "protein": "15g",
          "carbs": "70g",
          "fat": "20g",
          "allergens": ["gluten"],
          "health": ["vegetarian"],
          "taste": ["spicy", "savory"],
          "image": "chole-bhature.jpg"
        },
        {
          "id": 52,
          "name": "Butter Chicken",
          "type": "dinner",
          "calories": 600,
          "protein": "35g",
          "carbs": "20g",
          "fat": "30g",
          "allergens": ["dairy"],
          "health": ["high-protein"],
          "taste": ["creamy", "savory"],
          "image": "butter-chicken.jpg"
        },
        {
          "id": 53,
          "name": "Dal Makhani",
          "type": "dinner",
          "calories": 450,
          "protein": "20g",
          "carbs": "50g",
          "fat": "15g",
          "allergens": ["dairy"],
          "health": ["vegetarian", "high-protein"],
          "taste": ["creamy", "savory"],
          "image": "dal-makhani.jpg"
        },
        {
          "id": 54,
          "name": "Shahi Paneer",
          "type": "dinner",
          "calories": 480,
          "protein": "25g",
          "carbs": "30g",
          "fat": "20g",
          "allergens": ["dairy"],
          "health": ["vegetarian"],
          "taste": ["rich", "savory"],
          "image": "shahi-paneer.jpg"
        },
        {
          "id": 55,
          "name": "Pesarattu",
          "type": "breakfast",
          "calories": 250,
          "protein": "12g",
          "carbs": "35g",
          "fat": "6g",
          "allergens": [],
          "health": ["vegan", "high-protein"],
          "taste": ["savory"],
          "image": "pesarattu.jpg"
        },
        {
          "id": 56,
          "name": "Misal Pav",
          "type": "breakfast",
          "calories": 400,
          "protein": "10g",
          "carbs": "50g",
          "fat": "15g",
          "allergens": ["gluten"],
          "health": ["vegetarian"],
          "taste": ["spicy", "savory"],
          "image": "misal-pav.jpg"
        },
        {
          "id": 57,
          "name": "Egg Curry",
          "type": "dinner",
          "calories": 350,
          "protein": "25g",
          "carbs": "20g",
          "fat": "15g",
          "allergens": ["eggs"],
          "health": ["high-protein"],
          "taste": ["spicy", "savory"],
          "image": "egg-curry.jpg"
        },
        {
          "id": 58,
          "name": "Dal Tadka",
          "type": "lunch",
          "calories": 350,
          "protein": "18g",
          "carbs": "45g",
          "fat": "10g",
          "allergens": [],
          "health": ["vegetarian", "high-protein"],
          "taste": ["spicy", "savory"],
          "image": "dal-tadka.jpg"
        },
        {
          "id": 59,
          "name": "Aloo Paratha",
          "type": "breakfast",
          "calories": 450,
          "protein": "12g",
          "carbs": "55g",
          "fat": "18g",
          "allergens": ["gluten"],
          "health": ["vegetarian"],
          "taste": ["savory"],
          "image": "aloo-paratha.jpg"
        },
        {
          "id": 60,
          "name": "Samosa",
          "type": "snack",
          "calories": 250,
          "protein": "5g",
          "carbs": "35g",
          "fat": "12g",
          "allergens": ["gluten"],
          "health": ["vegetarian"],
          "taste": ["spicy", "savory"],
          "image": "samosa.jpg"
        },
        {
          "id": 61,
          "name": "Jalebi",
          "type": "dessert",
          "calories": 300,
          "protein": "3g",
          "carbs": "60g",
          "fat": "10g",
          "allergens": [],
          "health": [],
          "taste": ["sweet"],
          "image": "jalebi.jpg"
        },
        {
          "id": 62,
          "name": "Gulab Jamun",
          "type": "dessert",
          "calories": 350,
          "protein": "5g",
          "carbs": "50g",
          "fat": "15g",
          "allergens": ["dairy"],
          "health": [],
          "taste": ["sweet"],
          "image": "gulab-jamun.jpg"
        },
        {
          "id": 63,
          "name": "Rasgulla",
          "type": "dessert",
          "calories": 250,
          "protein": "4g",
          "carbs": "45g",
          "fat": "5g",
          "allergens": ["dairy"],
          "health": [],
          "taste": ["sweet"],
          "image": "rasgulla.jpg"
        },
        {
          "id": 64,
          "name": "Rasmalai",
          "type": "dessert",
          "calories": 400,
          "protein": "8g",
          "carbs": "55g",
          "fat": "12g",
          "allergens": ["dairy"],
          "health": [],
          "taste": ["sweet"],
          "image": "rasmalai.jpg"
        },
        {
          "id": 65,
          "name": "Kheer",
          "type": "dessert",
          "calories": 320,
          "protein": "6g",
          "carbs": "50g",
          "fat": "10g",
          "allergens": ["dairy"],
          "health": [],
          "taste": ["sweet"],
          "image": "kheer.jpg"
        },
        {
          "id": 66,
          "name": "Fruit Salad",
          "type": "snack",
          "calories": 150,
          "protein": "3g",
          "carbs": "35g",
          "fat": "1g",
          "allergens": [],
          "health": ["vegan", "low-fat"],
          "taste": ["sweet"],
          "image": "fruit-salad.jpg"
        },
        {
          "id": 67,
          "name": "Banana Smoothie",
          "type": "snack",
          "calories": 200,
          "protein": "8g",
          "carbs": "40g",
          "fat": "3g",
          "allergens": ["dairy"],
          "health": ["vegetarian"],
          "taste": ["sweet"],
          "image": "banana-smoothie.jpg"
        },
        {
          "id": 68,
          "name": "Mango Lassi",
          "type": "snack",
          "calories": 250,
          "protein": "7g",
          "carbs": "45g",
          "fat": "6g",
          "allergens": ["dairy"],
          "health": ["vegetarian"],
          "taste": ["sweet"],
          "image": "mango-lassi.jpg"
        },
        {
          "id": 69,
          "name": "Pineapple Juice",
          "type": "snack",
          "calories": 120,
          "protein": "1g",
          "carbs": "30g",
          "fat": "0g",
          "allergens": [],
          "health": ["vegan"],
          "taste": ["sweet"],
          "image": "pineapple-juice.jpg"
        },
        {
          "id": 70,
          "name": "Tomato Soup",
          "type": "snack",
          "calories": 180,
          "protein": "5g",
          "carbs": "30g",
          "fat": "4g",
          "allergens": [],
          "health": ["vegetarian", "low-fat"],
          "taste": ["savory"],
          "image": "tomato-soup.jpg"
        },
        [
            {
              "id": 71,
              "name": "Avocado Toast",
              "type": "breakfast",
              "calories": 250,
              "protein": "6g",
              "carbs": "30g",
              "fat": "12g",
              "allergens": ["gluten"],
              "health": ["vegan", "heart-health"],
              "taste": ["savory"],
              "image": "avocado-toast.jpg"
            },
            {
              "id": 72,
              "name": "Egg Benedict",
              "type": "breakfast",
              "calories": 450,
              "protein": "20g",
              "carbs": "30g",
              "fat": "25g",
              "allergens": ["eggs", "gluten", "dairy"],
              "health": ["high-protein"],
              "taste": ["savory"],
              "image": "egg-benedict.jpg"
            },
            {
              "id": 73,
              "name": "Chia Pudding",
              "type": "breakfast",
              "calories": 200,
              "protein": "5g",
              "carbs": "25g",
              "fat": "8g",
              "allergens": [],
              "health": ["vegan", "low-fat"],
              "taste": ["sweet"],
              "image": "chia-pudding.jpg"
            },
            {
              "id": 74,
              "name": "Greek Yogurt Parfait",
              "type": "breakfast",
              "calories": 300,
              "protein": "12g",
              "carbs": "40g",
              "fat": "5g",
              "allergens": ["dairy"],
              "health": ["vegetarian"],
              "taste": ["sweet"],
              "image": "greek-yogurt-parfait.jpg"
            },
            {
              "id": 75,
              "name": "Quinoa Salad",
              "type": "lunch",
              "calories": 350,
              "protein": "12g",
              "carbs": "50g",
              "fat": "10g",
              "allergens": [],
              "health": ["vegan", "high-protein"],
              "taste": ["savory"],
              "image": "quinoa-salad.jpg"
            },
            {
              "id": 76,
              "name": "Caprese Salad",
              "type": "lunch",
              "calories": 250,
              "protein": "10g",
              "carbs": "15g",
              "fat": "15g",
              "allergens": ["dairy"],
              "health": ["vegetarian", "heart-health"],
              "taste": ["savory"],
              "image": "caprese-salad.jpg"
            },
            {
              "id": 77,
              "name": "Miso Soup",
              "type": "snack",
              "calories": 120,
              "protein": "6g",
              "carbs": "10g",
              "fat": "4g",
              "allergens": ["soy"],
              "health": ["vegan", "low-fat"],
              "taste": ["savory"],
              "image": "miso-soup.jpg"
            },
            {
              "id": 78,
              "name": "Hummus with Pita",
              "type": "snack",
              "calories": 250,
              "protein": "8g",
              "carbs": "35g",
              "fat": "10g",
              "allergens": ["gluten"],
              "health": ["vegan", "high-protein"],
              "taste": ["savory"],
              "image": "hummus-pita.jpg"
            },
            {
              "id": 79,
              "name": "Zucchini Noodles",
              "type": "dinner",
              "calories": 200,
              "protein": "6g",
              "carbs": "30g",
              "fat": "5g",
              "allergens": [],
              "health": ["vegan", "low-carb"],
              "taste": ["savory"],
              "image": "zucchini-noodles.jpg"
            },
            {
              "id": 80,
              "name": "Stuffed Bell Peppers",
              "type": "dinner",
              "calories": 350,
              "protein": "15g",
              "carbs": "40g",
              "fat": "10g",
              "allergens": [],
              "health": ["vegetarian", "high-protein"],
              "taste": ["savory"],
              "image": "stuffed-bell-peppers.jpg"
            },
            {
              "id": 81,
              "name": "Grilled Salmon",
              "type": "dinner",
              "calories": 400,
              "protein": "35g",
              "carbs": "10g",
              "fat": "20g",
              "allergens": ["fish"],
              "health": ["high-protein", "heart-health"],
              "taste": ["savory"],
              "image": "grilled-salmon.jpg"
            },
            {
              "id": 82,
              "name": "Beetroot Soup",
              "type": "snack",
              "calories": 150,
              "protein": "4g",
              "carbs": "30g",
              "fat": "2g",
              "allergens": [],
              "health": ["vegan", "low-fat"],
              "taste": ["savory"],
              "image": "beetroot-soup.jpg"
            },
            {
              "id": 83,
              "name": "Pumpkin Soup",
              "type": "snack",
              "calories": 180,
              "protein": "5g",
              "carbs": "35g",
              "fat": "4g",
              "allergens": [],
              "health": ["vegan", "low-fat"],
              "taste": ["savory"],
              "image": "pumpkin-soup.jpg"
            },
            {
              "id": 84,
              "name": "Baked Sweet Potato",
              "type": "snack",
              "calories": 200,
              "protein": "4g",
              "carbs": "45g",
              "fat": "2g",
              "allergens": [],
              "health": ["vegan", "low-fat"],
              "taste": ["sweet"],
              "image": "baked-sweet-potato.jpg"
            },
            {
              "id": 85,
              "name": "Oats Porridge",
              "type": "breakfast",
              "calories": 300,
              "protein": "10g",
              "carbs": "50g",
              "fat": "6g",
              "allergens": ["gluten"],
              "health": ["vegetarian", "heart-health"],
              "taste": ["sweet"],
              "image": "oats-porridge.jpg"
            },
            {
              "id": 86,
              "name": "Vegetable Gazpacho",
              "type": "snack",
              "calories": 150,
              "protein": "4g",
              "carbs": "20g",
              "fat": "5g",
              "allergens": [],
              "health": ["vegan", "low-fat"],
              "taste": ["savory"],
              "image": "vegetable-gazpacho.jpg"
            },
            {
              "id": 87,
              "name": "Spinach Smoothie",
              "type": "snack",
              "calories": 180,
              "protein": "6g",
              "carbs": "30g",
              "fat": "4g",
              "allergens": ["dairy"],
              "health": ["vegetarian"],
              "taste": ["sweet"],
              "image": "spinach-smoothie.jpg"
            },
            {
              "id": 88,
              "name": "Kale Chips",
              "type": "snack",
              "calories": 120,
              "protein": "4g",
              "carbs": "10g",
              "fat": "6g",
              "allergens": [],
              "health": ["vegan", "low-fat"],
              "taste": ["savory"],
              "image": "kale-chips.jpg"
            },
            {
              "id": 89,
              "name": "Coconut Rice",
              "type": "lunch",
              "calories": 350,
              "protein": "8g",
              "carbs": "60g",
              "fat": "10g",
              "allergens": [],
              "health": ["vegan", "heart-health"],
              "taste": ["savory"],
              "image": "coconut-rice.jpg"
            },
            [
                {
                  "id": 105,
                  "name": "Aloo Matar",
                  "type": "lunch",
                  "calories": 300,
                  "protein": "10g",
                  "carbs": "45g",
                  "fat": "8g",
                  "allergens": [],
                  "health": ["vegetarian"],
                  "taste": ["spicy", "savory"],
                  "image": "aloo-matar.jpg"
                },
                {
                  "id": 106,
                  "name": "Bhindi Masala",
                  "type": "lunch",
                  "calories": 250,
                  "protein": "8g",
                  "carbs": "30g",
                  "fat": "10g",
                  "allergens": [],
                  "health": ["vegetarian", "low-fat"],
                  "taste": ["spicy", "savory"],
                  "image": "bhindi-masala.jpg"
                },
                {
                  "id": 107,
                  "name": "Baingan Fry",
                  "type": "dinner",
                  "calories": 280,
                  "protein": "6g",
                  "carbs": "25g",
                  "fat": "12g",
                  "allergens": [],
                  "health": ["vegan", "low-fat"],
                  "taste": ["spicy", "savory"],
                  "image": "baingan-fry.jpg"
                },
                {
                  "id": 108,
                  "name": "Gobi Paratha",
                  "type": "breakfast",
                  "calories": 350,
                  "protein": "12g",
                  "carbs": "55g",
                  "fat": "10g",
                  "allergens": ["gluten"],
                  "health": ["vegetarian"],
                  "taste": ["savory"],
                  "image": "gobi-paratha.jpg"
                },
                {
                  "id": 109,
                  "name": "Lauki Chana Dal",
                  "type": "lunch",
                  "calories": 320,
                  "protein": "15g",
                  "carbs": "40g",
                  "fat": "8g",
                  "allergens": [],
                  "health": ["vegan", "high-protein"],
                  "taste": ["savory"],
                  "image": "lauki-chana-dal.jpg"
                },
                {
                  "id": 110,
                  "name": "Besan Chilla",
                  "type": "breakfast",
                  "calories": 280,
                  "protein": "10g",
                  "carbs": "35g",
                  "fat": "6g",
                  "allergens": [],
                  "health": ["vegan", "high-protein"],
                  "taste": ["savory"],
                  "image": "besan-chilla.jpg"
                },
                {
                  "id": 111,
                  "name": "Sattu Paratha",
                  "type": "breakfast",
                  "calories": 400,
                  "protein": "15g",
                  "carbs": "50g",
                  "fat": "12g",
                  "allergens": ["gluten"],
                  "health": ["vegetarian", "high-protein"],
                  "taste": ["savory"],
                  "image": "sattu-paratha.jpg"
                },
                {
                  "id": 112,
                  "name": "Sarson Da Saag with Makki Roti",
                  "type": "lunch",
                  "calories": 450,
                  "protein": "18g",
                  "carbs": "60g",
                  "fat": "15g",
                  "allergens": [],
                  "health": ["vegetarian"],
                  "taste": ["savory"],
                  "image": "sarson-saag.jpg"
                },
                {
                  "id": 113,
                  "name": "Mooli Paratha",
                  "type": "breakfast",
                  "calories": 320,
                  "protein": "10g",
                  "carbs": "45g",
                  "fat": "8g",
                  "allergens": ["gluten"],
                  "health": ["vegetarian"],
                  "taste": ["savory"],
                  "image": "mooli-paratha.jpg"
                },
                {
                  "id": 114,
                  "name": "Chana Masala",
                  "type": "lunch",
                  "calories": 400,
                  "protein": "20g",
                  "carbs": "50g",
                  "fat": "10g",
                  "allergens": [],
                  "health": ["vegan", "high-protein"],
                  "taste": ["spicy", "savory"],
                  "image": "chana-masala.jpg"
                },
                {
                  "id": 115,
                  "name": "Ridge Gourd Curry",
                  "type": "dinner",
                  "calories": 250,
                  "protein": "8g",
                  "carbs": "30g",
                  "fat": "6g",
                  "allergens": [],
                  "health": ["vegan", "low-fat"],
                  "taste": ["savory"],
                  "image": "ridge-gourd-curry.jpg"
                },
                {
                  "id": 116,
                  "name": "Spinach Dal",
                  "type": "dinner",
                  "calories": 320,
                  "protein": "18g",
                  "carbs": "40g",
                  "fat": "8g",
                  "allergens": [],
                  "health": ["vegan", "high-protein"],
                  "taste": ["savory"],
                  "image": "spinach-dal.jpg"
                },
                {
                  "id": 117,
                  "name": "Coconut Chutney with Idli",
                  "type": "breakfast",
                  "calories": 300,
                  "protein": "10g",
                  "carbs": "50g",
                  "fat": "8g",
                  "allergens": [],
                  "health": ["vegan"],
                  "taste": ["mild", "savory"],
                  "image": "coconut-chutney-idli.jpg"
                },
                {
                  "id": 118,
                  "name": "Dal Khichdi",
                  "type": "lunch",
                  "calories": 350,
                  "protein": "15g",
                  "carbs": "55g",
                  "fat": "10g",
                  "allergens": [],
                  "health": ["vegetarian", "high-protein"],
                  "taste": ["savory"],
                  "image": "dal-khichdi.jpg"
                },
                {
                  "id": 119,
                  "name": "Peanut Butter Toast",
                  "type": "breakfast",
                  "calories": 350,
                  "protein": "15g",
                  "carbs": "40g",
                  "fat": "15g",
                  "allergens": ["gluten", "nuts"],
                  "health": ["vegetarian"],
                  "taste": ["sweet"],
                  "image": "peanut-butter-toast.jpg"
                },
                [
                    {
                      "id": 120,
                      "name": "Aloo Baingan",
                      "type": "lunch",
                      "calories": 300,
                      "protein": "8g",
                      "carbs": "45g",
                      "fat": "10g",
                      "allergens": [],
                      "health": ["vegan"],
                      "taste": ["savory", "spicy"],
                      "image": "aloo-baingan.jpg"
                    },
                    {
                      "id": 121,
                      "name": "Kanda Poha",
                      "type": "breakfast",
                      "calories": 250,
                      "protein": "6g",
                      "carbs": "40g",
                      "fat": "5g",
                      "allergens": [],
                      "health": ["vegan", "low-fat"],
                      "taste": ["mild"],
                      "image": "kanda-poha.jpg"
                    },
                    {
                      "id": 122,
                      "name": "Panchmel Dal",
                      "type": "dinner",
                      "calories": 350,
                      "protein": "18g",
                      "carbs": "45g",
                      "fat": "8g",
                      "allergens": [],
                      "health": ["vegan", "high-protein"],
                      "taste": ["savory"],
                      "image": "panchmel-dal.jpg"
                    },
                    {
                      "id": 123,
                      "name": "Bharwa Karela",
                      "type": "dinner",
                      "calories": 280,
                      "protein": "10g",
                      "carbs": "35g",
                      "fat": "12g",
                      "allergens": [],
                      "health": ["vegan"],
                      "taste": ["bitter", "savory"],
                      "image": "bharwa-karela.jpg"
                    },
                    {
                      "id": 124,
                      "name": "Rajgira Roti with Sabzi",
                      "type": "lunch",
                      "calories": 300,
                      "protein": "12g",
                      "carbs": "40g",
                      "fat": "8g",
                      "allergens": [],
                      "health": ["gluten-free", "vegetarian"],
                      "taste": ["savory"],
                      "image": "rajgira-roti.jpg"
                    },
                    {
                      "id": 125,
                      "name": "Dahi Bhindi",
                      "type": "dinner",
                      "calories": 320,
                      "protein": "10g",
                      "carbs": "35g",
                      "fat": "10g",
                      "allergens": ["dairy"],
                      "health": ["vegetarian"],
                      "taste": ["savory"],
                      "image": "dahi-bhindi.jpg"
                    },
                    {
                      "id": 126,
                      "name": "Dhuska",
                      "type": "breakfast",
                      "calories": 280,
                      "protein": "8g",
                      "carbs": "40g",
                      "fat": "8g",
                      "allergens": [],
                      "health": ["vegan"],
                      "taste": ["savory"],
                      "image": "dhuska.jpg"
                    },
                    {
                      "id": 127,
                      "name": "Kharbooja Sabzi",
                      "type": "lunch",
                      "calories": 300,
                      "protein": "7g",
                      "carbs": "40g",
                      "fat": "8g",
                      "allergens": [],
                      "health": ["vegan"],
                      "taste": ["sweet", "savory"],
                      "image": "kharbooja-sabzi.jpg"
                    },
                    {
                      "id": 128,
                      "name": "Sundal",
                      "type": "snack",
                      "calories": 250,
                      "protein": "12g",
                      "carbs": "35g",
                      "fat": "6g",
                      "allergens": [],
                      "health": ["vegan", "high-protein"],
                      "taste": ["savory"],
                      "image": "sundal.jpg"
                    },
                    {
                      "id": 129,
                      "name": "Ragi Mudde with Sambar",
                      "type": "lunch",
                      "calories": 400,
                      "protein": "15g",
                      "carbs": "50g",
                      "fat": "10g",
                      "allergens": [],
                      "health": ["vegan", "high-protein"],
                      "taste": ["savory"],
                      "image": "ragi-mudde.jpg"
                    },
                    {
                      "id": 130,
                      "name": "Kashmiri Dum Aloo",
                      "type": "dinner",
                      "calories": 350,
                      "protein": "10g",
                      "carbs": "50g",
                      "fat": "12g",
                      "allergens": ["dairy"],
                      "health": ["vegetarian"],
                      "taste": ["spicy"],
                      "image": "kashmiri-dum-aloo.jpg"
                    },
                    {
                      "id": 131,
                      "name": "Sprouts Chaat",
                      "type": "snack",
                      "calories": 200,
                      "protein": "15g",
                      "carbs": "30g",
                      "fat": "5g",
                      "allergens": [],
                      "health": ["vegan", "high-protein"],
                      "taste": ["tangy", "savory"],
                      "image": "sprouts-chaat.jpg"
                    },
                    {
                      "id": 132,
                      "name": "Gongura Pachadi",
                      "type": "side",
                      "calories": 100,
                      "protein": "4g",
                      "carbs": "15g",
                      "fat": "3g",
                      "allergens": [],
                      "health": ["vegan"],
                      "taste": ["tangy", "spicy"],
                      "image": "gongura-pachadi.jpg"
                    },
                    {
                      "id": 133,
                      "name": "Makki Ki Roti with Jaggery",
                      "type": "breakfast",
                      "calories": 320,
                      "protein": "8g",
                      "carbs": "50g",
                      "fat": "6g",
                      "allergens": [],
                      "health": ["gluten-free", "vegetarian"],
                      "taste": ["sweet", "savory"],
                      "image": "makki-roti-jaggery.jpg"
                    },
                    {
                      "id": 134,
                      "name": "Masala Roti",
                      "type": "dinner",
                      "calories": 300,
                      "protein": "10g",
                      "carbs": "45g",
                      "fat": "7g",
                      "allergens": ["gluten"],
                      "health": ["vegetarian"],
                      "taste": ["spicy", "savory"],
                      "image": "masala-roti.jpg"
                    },
                    {
                      "id": 135,
                      "name": "Pithla Bhakri",
                      "type": "lunch",
                      "calories": 350,
                      "protein": "15g",
                      "carbs": "50g",
                      "fat": "10g",
                      "allergens": [],
                      "health": ["vegetarian", "high-protein"],
                      "taste": ["savory"],
                      "image": "pithla-bhakri.jpg"
                    },
                    {
                      "id": 136,
                      "name": "Kala Chana Sundal",
                      "type": "snack",
                      "calories": 220,
                      "protein": "12g",
                      "carbs": "35g",
                      "fat": "6g",
                      "allergens": [],
                      "health": ["vegan", "high-protein"],
                      "taste": ["savory"],
                      "image": "kala-chana-sundal.jpg"
                    },
                    {
                      "id": 137,
                      "name": "Moong Dal Tikki",
                      "type": "snack",
                      "calories": 250,
                      "protein": "10g",
                      "carbs": "40g",
                      "fat": "5g",
                      "allergens": [],
                      "health": ["vegan", "high-protein"],
                      "taste": ["spicy", "savory"],
                      "image": "moong-dal-tikki.jpg"
                    },
                    {
                      "id": 138,
                      "name": "Kadamba Sambar",
                      "type": "dinner",
                      "calories": 280,
                      "protein": "14g",
                      "carbs": "40g",
                      "fat": "6g",
                      "allergens": [],
                      "health": ["vegan", "high-protein"],
                      "taste": ["spicy", "savory"],
                      "image": "kadamba-sambar.jpg"
                    },
                    [
                        {
                          "id": 139,
                          "name": "Thekua",
                          "type": "snack",
                          "calories": 250,
                          "protein": "5g",
                          "carbs": "40g",
                          "fat": "10g",
                          "allergens": [],
                          "health": ["vegetarian"],
                          "taste": ["sweet"],
                          "image": "thekua.jpg"
                        },
                        {
                          "id": 140,
                          "name": "Jowar Roti with Baingan Bharta",
                          "type": "lunch",
                          "calories": 350,
                          "protein": "12g",
                          "carbs": "50g",
                          "fat": "8g",
                          "allergens": [],
                          "health": ["gluten-free", "vegan"],
                          "taste": ["savory", "spicy"],
                          "image": "jowar-roti-baingan-bharta.jpg"
                        },
                        {
                          "id": 141,
                          "name": "Singhara Halwa",
                          "type": "dessert",
                          "calories": 300,
                          "protein": "6g",
                          "carbs": "50g",
                          "fat": "10g",
                          "allergens": [],
                          "health": ["gluten-free", "vegetarian"],
                          "taste": ["sweet"],
                          "image": "singhara-halwa.jpg"
                        },
                        {
                          "id": 142,
                          "name": "Dal Palak",
                          "type": "dinner",
                          "calories": 320,
                          "protein": "18g",
                          "carbs": "40g",
                          "fat": "6g",
                          "allergens": [],
                          "health": ["vegan", "high-protein"],
                          "taste": ["savory"],
                          "image": "dal-palak.jpg"
                        },
                        {
                          "id": 143,
                          "name": "Bajra Khichdi",
                          "type": "lunch",
                          "calories": 300,
                          "protein": "15g",
                          "carbs": "45g",
                          "fat": "8g",
                          "allergens": [],
                          "health": ["gluten-free", "high-protein"],
                          "taste": ["savory"],
                          "image": "bajra-khichdi.jpg"
                        },
                        {
                          "id": 144,
                          "name": "Patra",
                          "type": "snack",
                          "calories": 200,
                          "protein": "8g",
                          "carbs": "35g",
                          "fat": "6g",
                          "allergens": [],
                          "health": ["vegan", "low-fat"],
                          "taste": ["spicy", "savory"],
                          "image": "patra.jpg"
                        },
                        {
                          "id": 145,
                          "name": "Methi Bhaji",
                          "type": "dinner",
                          "calories": 250,
                          "protein": "10g",
                          "carbs": "30g",
                          "fat": "6g",
                          "allergens": [],
                          "health": ["vegan", "low-fat"],
                          "taste": ["savory"],
                          "image": "methi-bhaji.jpg"
                        },
                        {
                          "id": 146,
                          "name": "Chilka Roti",
                          "type": "breakfast",
                          "calories": 280,
                          "protein": "12g",
                          "carbs": "40g",
                          "fat": "6g",
                          "allergens": [],
                          "health": ["gluten-free", "vegetarian"],
                          "taste": ["savory"],
                          "image": "chilka-roti.jpg"
                        },
                        {
                          "id": 147,
                          "name": "Amboli",
                          "type": "breakfast",
                          "calories": 300,
                          "protein": "10g",
                          "carbs": "45g",
                          "fat": "8g",
                          "allergens": ["gluten"],
                          "health": ["vegetarian"],
                          "taste": ["savory"],
                          "image": "amboli.jpg"
                        },
                        {
                          "id": 148,
                          "name": "Kathal Ki Sabzi",
                          "type": "lunch",
                          "calories": 350,
                          "protein": "15g",
                          "carbs": "50g",
                          "fat": "10g",
                          "allergens": [],
                          "health": ["vegan", "high-protein"],
                          "taste": ["spicy", "savory"],
                          "image": "kathal-ki-sabzi.jpg"
                        },
                        {
                          "id": 149,
                          "name": "Masoor Dal Khichdi",
                          "type": "dinner",
                          "calories": 320,
                          "protein": "16g",
                          "carbs": "50g",
                          "fat": "6g",
                          "allergens": [],
                          "health": ["vegan", "high-protein"],
                          "taste": ["savory"],
                          "image": "masoor-dal-khichdi.jpg"
                        },
                        {
                          "id": 150,
                          "name": "Litti Chokha",
                          "type": "dinner",
                          "calories": 400,
                          "protein": "20g",
                          "carbs": "50g",
                          "fat": "12g",
                          "allergens": [],
                          "health": ["vegetarian"],
                          "taste": ["savory"],
                          "image": "litti-chokha.jpg"
                        },
                        [
                          {
                            "id": 171,
                            "name": "Methi Puri",
                            "type": "breakfast",
                            "calories": 280,
                            "protein": "7g",
                            "carbs": "40g",
                            "fat": "10g",
                            "allergens": ["gluten"],
                            "health": ["vegetarian"],
                            "taste": ["savory"],
                            "image": "methi-puri.jpg"
                          },
                          {
                            "id": 172,
                            "name": "Rava Dosa",
                            "type": "breakfast",
                            "calories": 250,
                            "protein": "5g",
                            "carbs": "45g",
                            "fat": "6g",
                            "allergens": [],
                            "health": ["vegetarian"],
                            "taste": ["crispy"],
                            "image": "rava-dosa.jpg"
                          },
                          {
                            "id": 173,
                            "name": "Vegetable Handvo",
                            "type": "breakfast",
                            "calories": 300,
                            "protein": "10g",
                            "carbs": "50g",
                            "fat": "8g",
                            "allergens": [],
                            "health": ["vegetarian"],
                            "taste": ["savory"],
                            "image": "vegetable-handvo.jpg"
                          },
                          {
                            "id": 174,
                            "name": "Pesarattu",
                            "type": "breakfast",
                            "calories": 270,
                            "protein": "12g",
                            "carbs": "40g",
                            "fat": "5g",
                            "allergens": [],
                            "health": ["vegan", "high-protein"],
                            "taste": ["savory"],
                            "image": "pesarattu.jpg"
                          },
                          {
                            "id": 175,
                            "name": "Gatte Ki Sabzi",
                            "type": "lunch",
                            "calories": 400,
                            "protein": "15g",
                            "carbs": "45g",
                            "fat": "12g",
                            "allergens": ["gluten"],
                            "health": ["vegetarian"],
                            "taste": ["spicy"],
                            "image": "gatte-ki-sabzi.jpg"
                          },
                          {
                            "id": 176,
                            "name": "Mushroom Masala",
                            "type": "lunch",
                            "calories": 350,
                            "protein": "18g",
                            "carbs": "30g",
                            "fat": "12g",
                            "allergens": [],
                            "health": ["vegetarian", "high-protein"],
                            "taste": ["spicy"],
                            "image": "mushroom-masala.jpg"
                          },
                          {
                            "id": 177,
                            "name": "Paneer Kofta",
                            "type": "dinner",
                            "calories": 420,
                            "protein": "20g",
                            "carbs": "50g",
                            "fat": "18g",
                            "allergens": ["dairy"],
                            "health": ["vegetarian"],
                            "taste": ["rich"],
                            "image": "paneer-kofta.jpg"
                          },
                          {
                            "id": 178,
                            "name": "Lobia Curry",
                            "type": "dinner",
                            "calories": 380,
                            "protein": "22g",
                            "carbs": "45g",
                            "fat": "10g",
                            "allergens": [],
                            "health": ["vegan", "high-protein"],
                            "taste": ["savory"],
                            "image": "lobia-curry.jpg"
                          },
                          {
                            "id": 179,
                            "name": "Spinach Corn Sandwich",
                            "type": "snack",
                            "calories": 280,
                            "protein": "10g",
                            "carbs": "35g",
                            "fat": "8g",
                            "allergens": ["gluten", "dairy"],
                            "health": ["vegetarian"],
                            "taste": ["creamy"],
                            "image": "spinach-corn-sandwich.jpg"
                          },
                          {
                            "id": 180,
                            "name": "Murmura Chaat",
                            "type": "snack",
                            "calories": 150,
                            "protein": "4g",
                            "carbs": "30g",
                            "fat": "2g",
                            "allergens": [],
                            "health": ["vegan", "low-fat"],
                            "taste": ["tangy"],
                            "image": "murmura-chaat.jpg"
                          },
                          {
                            "id": 181,
                            "name": "Pineapple Sheera",
                            "type": "snack",
                            "calories": 300,
                            "protein": "6g",
                            "carbs": "50g",
                            "fat": "10g",
                            "allergens": [],
                            "health": ["vegetarian"],
                            "taste": ["sweet"],
                            "image": "pineapple-sheera.jpg"
                          },
                          {
                            "id": 182,
                            "name": "Rajgira Thalipeeth",
                            "type": "breakfast",
                            "calories": 260,
                            "protein": "10g",
                            "carbs": "40g",
                            "fat": "6g",
                            "allergens": [],
                            "health": ["gluten-free", "vegetarian"],
                            "taste": ["savory"],
                            "image": "rajgira-thalipeeth.jpg"
                          },
                          {
                            "id": 183,
                            "name": "Chole Kulche",
                            "type": "lunch",
                            "calories": 420,
                            "protein": "15g",
                            "carbs": "55g",
                            "fat": "12g",
                            "allergens": ["gluten"],
                            "health": ["vegetarian"],
                            "taste": ["spicy"],
                            "image": "chole-kulche.jpg"
                          },
                          {
                            "id": 184,
                            "name": "Masala Baati",
                            "type": "lunch",
                            "calories": 450,
                            "protein": "12g",
                            "carbs": "60g",
                            "fat": "18g",
                            "allergens": ["gluten"],
                            "health": ["vegetarian"],
                            "taste": ["spicy"],
                            "image": "masala-baati.jpg"
                          },
                          {
                            "id": 185,
                            "name": "Besan Ladoo",
                            "type": "snack",
                            "calories": 320,
                            "protein": "6g",
                            "carbs": "40g",
                            "fat": "15g",
                            "allergens": ["nuts"],
                            "health": ["vegetarian"],
                            "taste": ["sweet"],
                            "image": "besan-ladoo.jpg"
                          },
                          {
                            "id": 186,
                            "name": "Gobi Matar",
                            "type": "dinner",
                            "calories": 280,
                            "protein": "8g",
                            "carbs": "40g",
                            "fat": "6g",
                            "allergens": [],
                            "health": ["vegan"],
                            "taste": ["savory"],
                            "image": "gobi-matar.jpg"
                          },
                          {
                            "id": 187,
                            "name": "Vermicelli Upma",
                            "type": "breakfast",
                            "calories": 260,
                            "protein": "6g",
                            "carbs": "45g",
                            "fat": "5g",
                            "allergens": [],
                            "health": ["vegetarian"],
                            "taste": ["mild"],
                            "image": "vermicelli-upma.jpg"
                          },
                          {
                            "id": 188,
                            "name": "Sabudana Kheer",
                            "type": "snack",
                            "calories": 350,
                            "protein": "7g",
                            "carbs": "50g",
                            "fat": "10g",
                            "allergens": ["dairy"],
                            "health": ["vegetarian"],
                            "taste": ["sweet"],
                            "image": "sabudana-kheer.jpg"
                          },
                          {
                            "id": 189,
                            "name": "Mooli Bharta",
                            "type": "lunch",
                            "calories": 230,
                            "protein": "6g",
                            "carbs": "35g",
                            "fat": "5g",
                            "allergens": [],
                            "health": ["vegan"],
                            "taste": ["spicy"],
                            "image": "mooli-bharta.jpg"
                          },
                          [
                            {
                              "id": 190,
                              "name": "Ragi Dosa",
                              "type": "breakfast",
                              "calories": 250,
                              "protein": "8g",
                              "carbs": "45g",
                              "fat": "5g",
                              "allergens": [],
                              "health": ["gluten-free", "vegan"],
                              "taste": ["crispy"],
                              "image": "ragi-dosa.jpg"
                            },
                            {
                              "id": 191,
                              "name": "Makhana Kheer",
                              "type": "snack",
                              "calories": 320,
                              "protein": "6g",
                              "carbs": "50g",
                              "fat": "10g",
                              "allergens": ["dairy"],
                              "health": ["vegetarian"],
                              "taste": ["sweet"],
                              "image": "makhana-kheer.jpg"
                            },
                            {
                              "id": 192,
                              "name": "Vegetable Paniyaram",
                              "type": "breakfast",
                              "calories": 280,
                              "protein": "8g",
                              "carbs": "40g",
                              "fat": "7g",
                              "allergens": [],
                              "health": ["vegetarian"],
                              "taste": ["savory"],
                              "image": "vegetable-paniyaram.jpg"
                            },
                            {
                              "id": 193,
                              "name": "Jackfruit Biryani",
                              "type": "lunch",
                              "calories": 400,
                              "protein": "12g",
                              "carbs": "55g",
                              "fat": "10g",
                              "allergens": [],
                              "health": ["vegetarian"],
                              "taste": ["aromatic"],
                              "image": "jackfruit-biryani.jpg"
                            },
                            {
                              "id": 194,
                              "name": "Masala Khichdi",
                              "type": "dinner",
                              "calories": 350,
                              "protein": "15g",
                              "carbs": "50g",
                              "fat": "8g",
                              "allergens": [],
                              "health": ["vegetarian", "high-protein"],
                              "taste": ["spicy"],
                              "image": "masala-khichdi.jpg"
                            },
                            {
                              "id": 195,
                              "name": "Jowar Bhakri",
                              "type": "lunch",
                              "calories": 300,
                              "protein": "10g",
                              "carbs": "50g",
                              "fat": "5g",
                              "allergens": [],
                              "health": ["gluten-free", "vegan"],
                              "taste": ["mild"],
                              "image": "jowar-bhakri.jpg"
                            },
                            {
                              "id": 196,
                              "name": "Sprouts Misal",
                              "type": "snack",
                              "calories": 280,
                              "protein": "12g",
                              "carbs": "35g",
                              "fat": "6g",
                              "allergens": [],
                              "health": ["vegan", "high-protein"],
                              "taste": ["spicy"],
                              "image": "sprouts-misal.jpg"
                            },
                            {
                              "id": 197,
                              "name": "Coconut Chutney with Dosa",
                              "type": "breakfast",
                              "calories": 270,
                              "protein": "7g",
                              "carbs": "45g",
                              "fat": "8g",
                              "allergens": [],
                              "health": ["vegan"],
                              "taste": ["mild"],
                              "image": "coconut-chutney-dosa.jpg"
                            },
                            {
                              "id": 198,
                              "name": "Masala Karela",
                              "type": "dinner",
                              "calories": 280,
                              "protein": "6g",
                              "carbs": "30g",
                              "fat": "8g",
                              "allergens": [],
                              "health": ["vegan"],
                              "taste": ["bitter"],
                              "image": "masala-karela.jpg"
                            },
                            {
                              "id": 199,
                              "name": "Dal Dhokli",
                              "type": "lunch",
                              "calories": 400,
                              "protein": "14g",
                              "carbs": "55g",
                              "fat": "10g",
                              "allergens": ["gluten"],
                              "health": ["vegetarian"],
                              "taste": ["savory"],
                              "image": "dal-dhokli.jpg"
                            },
                            {
                              "id": 200,
                              "name": "Singhara Roti",
                              "type": "dinner",
                              "calories": 320,
                              "protein": "10g",
                              "carbs": "40g",
                              "fat": "6g",
                              "allergens": [],
                              "health": ["gluten-free", "vegan"],
                              "taste": ["mild"],
                              "image": "singhara-roti.jpg"
                            },
                            {
                              "id": 201,
                              "name": "Bajra Khakra",
                              "type": "snack",
                              "calories": 250,
                              "protein": "8g",
                              "carbs": "40g",
                              "fat": "5g",
                              "allergens": [],
                              "health": ["gluten-free", "vegetarian"],
                              "taste": ["crispy"],
                              "image": "bajra-khakra.jpg"
                            },
                            {
                              "id": 202,
                              "name": "Vegetable Jalfrezi",
                              "type": "lunch",
                              "calories": 380,
                              "protein": "12g",
                              "carbs": "45g",
                              "fat": "10g",
                              "allergens": [],
                              "health": ["vegetarian"],
                              "taste": ["spicy"],
                              "image": "vegetable-jalfrezi.jpg"
                            },
                            {
                              "id": 203,
                              "name": "Banana Walnut Shake",
                              "type": "snack",
                              "calories": 320,
                              "protein": "10g",
                              "carbs": "45g",
                              "fat": "8g",
                              "allergens": ["nuts", "dairy"],
                              "health": ["vegetarian"],
                              "taste": ["sweet"],
                              "image": "banana-walnut-shake.jpg"
                            },
                            {
                              "id": 204,
                              "name": "Methi Muthia",
                              "type": "snack",
                              "calories": 280,
                              "protein": "7g",
                              "carbs": "40g",
                              "fat": "6g",
                              "allergens": [],
                              "health": ["vegetarian"],
                              "taste": ["savory"],
                              "image": "methi-muthia.jpg"
                            },
                            {
                              "id": 205,
                              "name": "Beetroot Halwa",
                              "type": "snack",
                              "calories": 300,
                              "protein": "6g",
                              "carbs": "50g",
                              "fat": "8g",
                              "allergens": ["dairy"],
                              "health": ["vegetarian"],
                              "taste": ["sweet"],
                              "image": "beetroot-halwa.jpg"
                            },
                            {
                              "id": 206,
                              "name": "Bharwan Tinda",
                              "type": "dinner",
                              "calories": 290,
                              "protein": "8g",
                              "carbs": "40g",
                              "fat": "6g",
                              "allergens": [],
                              "health": ["vegan"],
                              "taste": ["savory"],
                              "image": "bharwan-tinda.jpg"
                            },
                            {
                              "id": 207,
                              "name": "Pumpkin Paratha",
                              "type": "breakfast",
                              "calories": 330,
                              "protein": "10g",
                              "carbs": "50g",
                              "fat": "8g",
                              "allergens": ["gluten"],
                              "health": ["vegetarian"],
                              "taste": ["mild"],
                              "image": "pumpkin-paratha.jpg"
                            },
                            {
                              "id": 208,
                              "name": "Kashmiri Pulao",
                              "type": "lunch",
                              "calories": 450,
                              "protein": "12g",
                              "carbs": "60g",
                              "fat": "15g",
                              "allergens": ["nuts"],
                              "health": ["vegetarian"],
                              "taste": ["sweet"],
                              "image": "kashmiri-pulao.jpg"
                            }
                            
                          ]
                          
                        ]
                        
                      ]
                      
                  ]
                  
              ]
              
          ]
          
      ]
      
    ]
  }